ndaa_year,ndaa_section,paragraph,section_title,status,case_number,frn_citation,fr_date,fr_title,fr_body_html_url
FY24,2881,,Increase of limitation on fee for architectural and engineering services procured by military departments,Implemented,2024-D019,89 FR 53502,06/27/24,Defense Federal Acquisition Regulation Supplement: Architect and Engineering Service Fees (DFARS Case 2024-D019),https://www.federalregister.gov/documents/full_text/html/2024/06/27/2024-13863.html
FY24,872,,Extension of pilot program to incentivize contracting with employee-owned businesses,Implemented,2024-D004,89 FR 82183,10/10/24,Defense Federal Acquisition Regulation Supplement: Pilot Program To Incentivize Contracting With Employee-Owned Businesses (DFARS Case 2024-D004),https://www.federalregister.gov/documents/full_text/html/2024/10/10/2024-23226.html
FY24,865,,Consideration of the past performance of affiliate companies of small business concerns,Implemented,2024-D016,89 FR 90237,11/15/24,Defense Federal Acquisition Regulation: Past Performance of Affiliate Companies of Small Business Concerns (DFARS Case 2024-D016),https://www.federalregister.gov/documents/full_text/html/2024/11/15/2024-26055.html
FY24,854,,Modification of effective date for expansion on the prohibition on acquiring certain metal products,Implemented,2021-D015,89 FR 46816,05/30/24,Defense Federal Acquisition Regulation Supplement: Restriction on Certain Metal Products (DFARS Case 2021-D015),https://www.federalregister.gov/documents/full_text/html/2024/05/30/2024-11513.html
FY24,853,,Modifications to the procurement technical assistance program,Implemented,2024-D006,89 FR 82188,10/10/24,Defense Federal Acquisition Regulation Supplement: Procurement Technical Assistance Program (DFARS Case 2024-D006),https://www.federalregister.gov/documents/full_text/html/2024/10/10/2024-23227.html
FY23,1411,,Reform of the strategic and critical materials stock piling,Implemented,2023-D014,89 FR 66286,08/15/24,Defense Federal Acquisition Regulation Supplement: Strategic and Critical Materials Stock Piling Act Reform (DFARS Case 2023-D014),https://www.federalregister.gov/documents/full_text/html/2024/08/15/2024-18107.html
FY23,856,,Codification of the DoD Mentor Protégé Program,Implemented,2023-D011,89 FR 20874,03/26/24,Defense Federal Acquisition Regulation Supplement: DoD Mentor-Protégé Program (DFARS Case 2023-D011),https://www.federalregister.gov/documents/full_text/html/2024/03/26/2024-06005.html
FY23,855,,Prohibition on certain procurements from the Xinjiang Uyghur Autonomous Region,Implemented,2023-D015,88 FR 73238,10/25/23,Defense Federal Acquisition Regulation Supplement: Prohibition on Certain Procurements From the Xinjiang Uyghur Autonomous Region (DFARS Case 2023-D015),https://www.federalregister.gov/documents/full_text/html/2023/10/25/2023-23433.html
FY23,853,,Requirements for the procurement of certain components for certain naval vessels and auxiliary ships.,Implemented,2021-D022,89 FR 46811,05/30/24,Defense Federal Acquisition Regulation Supplement: Limitation on the Acquisition of Certain Goods Other Than United States Goods (DFARS Case 2021-D022),https://www.federalregister.gov/documents/full_text/html/2024/05/30/2024-11514.html
FY23,851,,Modification to the national technology and industrial base,Implemented,2023-D005,88 FR 46906,07/20/23,Defense Federal Acquisition Regulation Supplement: Modification to the National Technology and Industrial Base (DFARS Case 2023-D005),https://www.federalregister.gov/documents/full_text/html/2023/07/20/2023-15155.html
FY23,842,,Modification of authority of DoD to carry out certain prototype projects,Implemented,2023-D006,88 FR 33834,05/25/23,Defense Federal Acquisition Regulation Supplement: Modification of Authority of the Department of Defense To Carry Out Certain Prototype Projects (DFARS Case 2023-D006),https://www.federalregister.gov/documents/full_text/html/2023/05/25/2023-11140.html
FY23,822,"(a)(2)
(a)(3)",Limitation of authority regarding extraordinary contractual actions,Implemented,2023-007,89 FR 61337,07/30/24,Federal Acquisition Regulation: Limitation of Authority Regarding Extraordinary Contractual Actions,https://www.federalregister.gov/documents/full_text/html/2024/07/30/2024-16283.html
FY23,808,,Use of fixed-price type contracts for certain major defense acquisition programs,Implemented,2023-D009,89 FR 31656,04/25/24,Defense Federal Acquisition Regulation Supplement: Use of Fixed-Price Contracts for Certain Major Defense Acquisition Programs (DFARS Case 2023-D009),https://www.federalregister.gov/documents/full_text/html/2024/04/25/2024-08435.html
FY23,803,,Data requirements for commercial products for major weapon systems,Implemented,2023-D010,89 FR 46805,05/30/24,Defense Federal Acquisition Regulation Supplement: Data Requirements for Commercial Products for Major Weapon Systems (DFARS Case 2023-D010),https://www.federalregister.gov/documents/full_text/html/2024/05/30/2024-11515.html
FY23,802,,Task and delivery order contracting for architectural and engineering services,Implemented,2023-D007,89 FR 103366,12/18/24,Defense Federal Acquisition Regulation Supplement: Task Order and Delivery Order Contracting for Architectural and Engineering Services (DFARS Case 2023-D007),https://www.federalregister.gov/documents/full_text/html/2024/12/18/2024-29227.html
FY22,1701,,"Technical, conforming, and clerical amendments related to Title XVIII of the Fiscal Year 2021 NDAA",Open,2023-D003,"87 FR 73894
87 FR 76988","12/01/2022
12/16/2022","Federal Acquisition Regulation: Update to Title 10 Citations
Defense Federal Acquisition Regulation Supplement: Reorganization of Defense Acquisition Statutes (DFARS Case 2022-D018)","https://www.federalregister.gov/documents/full_text/html/2022/12/01/2022-25958.html
https://www.federalregister.gov/documents/full_text/html/2022/12/16/2022-26689.html"
FY22,874,,Pilot Program to incentivize contracting with Employee-Owned Business,Implemented,"2023-D017
2024-D004",89 FR 82183,10/10/24,Defense Federal Acquisition Regulation Supplement: Pilot Program To Incentivize Contracting With Employee-Owned Businesses (DFARS Case 2024-D004),https://www.federalregister.gov/documents/full_text/html/2024/10/10/2024-23226.html
FY22,861,,Exemption of certain contracts from the periodic inflation adjustments to the acquisition-related dollar threshold,Implemented,2022-002,88 FR 25476,04/26/23,Federal Acquisition Regulation: Exemption of Certain Contracts From the Periodic Inflation Adjustments to the Acquisition-Related Thresholds,https://www.federalregister.gov/documents/full_text/html/2023/04/26/2023-08198.html
FY22,855,,Employment transparency regarding individuals who perform work in the People's Republic of China,Implemented,2022-D010,88 FR 12861,03/01/23,Defense Federal Acquisition Regulation Supplement: Employment Transparency Regarding Individuals Who Perform Work in the People's Republic of China (DFARS Case 2022-D010),https://www.federalregister.gov/documents/full_text/html/2023/03/01/2023-04029.html
FY22,843,,Assuring integrity of overseas fuel supplies,Implemented,2022-D013,89 FR 78997,09/26/24,Defense Federal Acquisition Regulation Supplement: Assuring Integrity of Overseas Fuel Supplies (DFARS Case 2022-D013),https://www.federalregister.gov/documents/full_text/html/2024/09/26/2024-21093.html
FY22,822,,Modification of prize authority for advanced technology achievements,Implemented,2022-D014,89 FR 79000,09/26/24,Defense Federal Acquisition Regulation Supplement: Modification of Prize Authority for Advanced Technology Achievements (DFARS Case 2022-D014),https://www.federalregister.gov/documents/full_text/html/2024/09/26/2024-21094.html
FY22,817,,Repeal of preference for fixed-price contracts,Implemented,2022-D007,87 FR 65512,10/28/22,Defense Federal Acquisition Regulation Supplement: Repeal of Preference for Fixed-Price Contracts (DFARS Case 2022-D007),https://www.federalregister.gov/documents/full_text/html/2022/10/28/2022-23283.html
FY22,816,,Limitation on procurement of welded shipboard anchor and mooring chain for naval vessels.,Implemented,2021-D022,89 FR 46811,05/30/24,Defense Federal Acquisition Regulation Supplement: Limitation on the Acquisition of Certain Goods Other Than United States Goods (DFARS Case 2021-D022),https://www.federalregister.gov/documents/full_text/html/2024/05/30/2024-11514.html
FY22,814,,Modified condition for prompt contract payment eligibility,Implemented,2021-D008,88 FR 12862,03/01/23,Defense Federal Acquisition Regulation Supplement: Prompt Payment of Contractors (DFARS Case 2021-D008),https://www.federalregister.gov/documents/full_text/html/2023/03/01/2023-04028.html
FY22,803,,Authority to acquire innovative commercial products and commercial services using general solicitation competitive,Implemented,2022-D006,88 FR 55937,08/17/23,Defense Federal Acquisition Regulation Supplement: Defense Commercial Solutions Opening (DFARS Case 2022-D006),https://www.federalregister.gov/documents/full_text/html/2023/08/17/2023-17557.html
FY22,802,,Prohibition on acquisition of personal protective equipment from non-allied foreign nations,Implemented,2022-D009,88 FR 46904,07/20/23,Defense Federal Acquisition Regulation Supplement: Restriction on Acquisition of Personal Protective Equipment and Certain Items From Non-Allied Foreign Nations (DFARS Case 2022-D009),https://www.federalregister.gov/documents/full_text/html/2023/07/20/2023-15154.html
FY21,1801,,Transfer and reorganization of defense acquisition statutes,Implemented,"2022-005
2022-D018","87 FR 73894
87 FR 76988","12/01/2022
12/16/2022","Federal Acquisition Regulation: Update to Title 10 Citations
Defense Federal Acquisition Regulation Supplement: Reorganization of Defense Acquisition Statutes (DFARS Case 2022-D018)","https://www.federalregister.gov/documents/full_text/html/2022/12/01/2022-25958.html
https://www.federalregister.gov/documents/full_text/html/2022/12/16/2022-26689.html"
FY21,1603,,Requirement to buy certain satellite component from national technology and industrial base,Implemented,2021-D022,89 FR 46811,05/30/24,Defense Federal Acquisition Regulation Supplement: Limitation on the Acquisition of Certain Goods Other Than United States Goods (DFARS Case 2021-D022),https://www.federalregister.gov/documents/full_text/html/2024/05/30/2024-11514.html
FY21,1025,,"Restrictions on overhaul, repair, etc. of naval vessels in foreign shipyards",Implemented,2021-D021,88 FR 73240,10/25/23,Defense Federal Acquisition Regulation Supplement: Restrictions on Overhaul and Repair of Naval Vessels in Foreign Shipyards (DFARS Case 2021-D021),https://www.federalregister.gov/documents/full_text/html/2023/10/25/2023-23432.html
FY21,1024,,Preference for United States vessels in transporting supplies by sea,Implemented,2021-D020,89 FR 78992,09/26/24,Defense Federal Acquisition Regulation Supplement: Preference for United States Vessels in Transporting Supplies By Sea (DFARS Case 2021-D020),https://www.federalregister.gov/documents/full_text/html/2024/09/26/2024-21092.html
FY21,888,,Revision to requirement to use firm fixed- price contracts for foreign military sales,Implemented,2021-D019,86 FR 48339,08/30/21,Defense Federal Acquisition Regulation Supplement; Use of Firm-Fixed-Price Contracts for Foreign Military Sales (DFARS Case 2021-D019),https://www.federalregister.gov/documents/full_text/html/2021/08/30/2021-18342.html
FY21,883,,Prohibition on awarding of contracts to contractors that require nondisclosure agreements relating to waste fraud or,Implemented,2021-D018,87 FR 65510,10/28/22,Defense Federal Acquisition Regulation Supplement: Prohibition on Award to Contractors That Require Certain Nondisclosure Agreements (DFARS Case 2021-D018),https://www.federalregister.gov/documents/full_text/html/2022/10/28/2022-23281.html
FY21,866,,Small businesses in territories of the United States,Implemented,2023-001,90 FR 523,01/03/25,Federal Acquisition Regulation: Subcontracting to Puerto Rican and Covered Territory Small Businesses,https://www.federalregister.gov/documents/full_text/html/2025/01/03/2024-31407.html
FY21,864,,Maximum award price for sole source manufacturing contracts,Implemented,2021-007,86 FR 61040,11/04/21,Federal Acquisition Regulation: Maximum Award Price for Certain Sole Source Manufacturing Contracts,https://www.federalregister.gov/documents/full_text/html/2021/11/04/2021-22146.html
FY21,862,,Certification of service-disabled veteran- owned small businesses,Implemented,2022-009,89 FR 101828,12/16/24,Federal Acquisition Regulation: Certification of Service-Disabled Veteran-Owned Small Businesses,https://www.federalregister.gov/documents/full_text/html/2024/12/16/2024-29374.html
FY21,845,,Miscellaneous limitations on the procurement of goods other than United States goods,Implemented,2021-D022,89 FR 46811,05/30/24,Defense Federal Acquisition Regulation Supplement: Limitation on the Acquisition of Certain Goods Other Than United States Goods (DFARS Case 2021-D022),https://www.federalregister.gov/documents/full_text/html/2024/05/30/2024-11514.html
FY21,844,,Expansion on the prohibition on acquiring certain metal products,Implemented,2021-D015,89 FR 46816,05/30/24,Defense Federal Acquisition Regulation Supplement: Restriction on Certain Metal Products (DFARS Case 2021-D015),https://www.federalregister.gov/documents/full_text/html/2024/05/30/2024-11513.html
FY21,831(a)(2),(c),Contract authority for development and demonstration of initial or additional prototype units,Implemented,2021-D025,87 FR 25144,04/28/22,Defense Federal Acquisition Regulation Supplement: Contract Authority for Development and Demonstration of Prototypes (DFARS Case 2021-D025),https://www.federalregister.gov/documents/full_text/html/2022/04/28/2022-08815.html
FY21,820,,Modifies expedited contract closeout requirements,Implemented,2021-D012,87 FR 15812,03/18/22,Defense Federal Acquisition Regulation Supplement: Contract Closeout Authority for DoD Services Contracts (DFARS Case 2021-D012),https://www.federalregister.gov/documents/full_text/html/2022/03/18/2022-05532.html
FY21,817,,Modification to small purchase threshold exception to sourcing requirements for certain articles,Implemented,2021-D010,87 FR 25146,04/28/22,Defense Federal Acquisition Regulation Supplement: Modification of Small Purchase Threshold Exceptions (DFARS Case 2021-D010),https://www.federalregister.gov/documents/full_text/html/2022/04/28/2022-08813.html
FY21,815,,Prompt payment of contractors,Implemented,2021-D008,88 FR 12862,03/01/23,Defense Federal Acquisition Regulation Supplement: Prompt Payment of Contractors (DFARS Case 2021-D008),https://www.federalregister.gov/documents/full_text/html/2023/03/01/2023-04028.html
FY21,806,,Definition of material weakness for contractor business systems,Implemented,2021-D006,90 FR 5725,01/17/25,Defense Federal Acquisition Regulation Supplement: Definition of Material Weakness (DFARS Case 2021-D006),https://www.federalregister.gov/documents/full_text/html/2025/01/17/2025-00721.html
FY20,2821,"(b)(1)
(b)(2)",Improved energy security for main operating bases in Europe,Implemented,2020-D030,86 FR 48336,08/30/21,Defense Federal Acquisition Regulation Supplement: Improved Energy Security for Main Operating Bases in Europe (DFARS Case 2020-D030),https://www.federalregister.gov/documents/full_text/html/2021/08/30/2021-18340.html
FY20,890,,Prohibition on contracting with persons that have business operations with the Maduro regime,Implemented,2020-D010,87 FR 31957,05/26/22,Defense Federal Acquisition Regulation Supplement: Prohibition on Contracting With Persons That Have Business Operations With the Maduro Regime (DFARS Case 2020-D010),https://www.federalregister.gov/documents/full_text/html/2022/05/26/2022-11207.html
FY20,873,,Accelerated payments applicable to contracts with certain small business concerns under the Prompt Payment Act,Implemented,2020-007,88 FR 9730,02/14/23,Federal Acquisition Regulation: Accelerated Payments Applicable to Contracts With Certain Small Business Concerns,https://www.federalregister.gov/documents/full_text/html/2023/02/14/2023-02425.html
FY20,872,,Reauthorization and improvement of Department of Defense Mentor-Protege,Implemented,2020-D009,87 FR 52348,08/25/22,Defense Federal Acquisition Regulation Supplement: Reauthorization and Improvement of Mentor-Protégé Program (DFARS Case 2020-D009),https://www.federalregister.gov/documents/full_text/html/2022/08/25/2022-18225.html
FY20,861,,"Defense acquisition workforce certification, education, and career fields",Implemented,2020-D012,85 FR 34527,06/05/20,Defense Federal Acquisition Regulation Supplement: Qualifications Requirements for Contracting Positions (DFARS Case 2020-D012),https://www.federalregister.gov/documents/full_text/html/2020/06/05/2020-11751.html
FY20,853,,Requirement that certain ship components be manufactured in the national technology and industrial base,Implemented,2020-D017,88 FR 46900,07/20/23,Defense Federal Acquisition Regulation Supplement: Source Restrictions on Auxiliary Ship Components (DFARS Case 2020-D017),https://www.federalregister.gov/documents/full_text/html/2023/07/20/2023-15153.html
FY20,852,,Authorized official to carry out the procurement technical assistance cooperative agreement program,Implemented,2020-D022,88 FR 37798,06/09/23,Defense Federal Acquisition Regulation Supplement: Management of the Procurement Technical Assistance Agreement Program (DFARS Case 2020-D022),https://www.federalregister.gov/documents/full_text/html/2023/06/09/2023-12018.html
FY20,849,,Modification of prohibition on acquisition of sensitive materials from nonallied foreign nations,Implemented,2020-D007,87 FR 52342,08/25/22,Defense Federal Acquisition Regulation Supplement: Restriction on Acquisition of Tantalum (DFARS Case 2020-D007),https://www.federalregister.gov/documents/full_text/html/2022/08/25/2022-18224.html
FY20,826,,Uniformity in application of micro-purchase threshold to certain task or delivery orders,Implemented,2020-004,86 FR 31073,06/10/21,Federal Acquisition Regulation: Application of Micro-Purchase Threshold to Task and Delivery Orders,https://www.federalregister.gov/documents/full_text/html/2021/06/10/2021-11864.html
FY20,823,,Modification of justification and approval requirement for certain Department of Defense contracts,Implemented,2020-D006,85 FR 34528,06/05/20,Defense Federal Acquisition Regulation Supplement: Justification and Approval Threshold for 8(a) Contracts (DFARS Case 2020-D006),https://www.federalregister.gov/documents/full_text/html/2020/06/05/2020-11750.html
FY20,818,,Documentation of Market Research related to commercial item determina- tions,Implemented,2020-006,85 FR 67623,10/23/20,Federal Acquisition Regulation: Documentation of Market Research,https://www.federalregister.gov/documents/full_text/html/2020/10/23/2020-21699.html
FY20,816,,Modification of written approval requirement for task and delivery order single contract awards,Implemented,2020-D016,85 FR 60922,09/29/20,Defense Federal Acquisition Regulation Supplement: Modification of Determination Requirement for Certain Task- or Delivery-Order Contracts (DFARS Case 2020-D016),https://www.federalregister.gov/documents/full_text/html/2020/09/29/2020-21250.html
FY20,807,,Department of Defense use of fixed-price contracts,Implemented,,84 FR 65304,11/27/19,Defense Federal Acquisition Regulation Supplement: Use of Fixed-Price Contracts (DFARS Case 2017-D024),https://www.federalregister.gov/documents/full_text/html/2019/11/27/2019-25658.html
FY20,803,,Failure to provide other than certified cost or pricing data upon request,Implemented,2020-D008,87 FR 65502,10/28/22,Defense Federal Acquisition Regulation Supplement: Requiring Data Other Than Certified Cost or Pricing Data (DFARS Case 2020-D008),https://www.federalregister.gov/documents/full_text/html/2022/10/28/2022-23276.html
FY20,372,(f),Expansion and enhancement of authorities on transfer and adoption of military animals,Implemented,2020-D021,89 FR 11745,02/15/24,Defense Federal Acquisition Regulation Supplement: Transfer and Adoption of Military Animals (DFARS Case 2020-D021),https://www.federalregister.gov/documents/full_text/html/2024/02/15/2024-02743.html
FY20,322,,Replacement of fluorinated aqueous film- forming foam with fluorine-free fire-fighting agent,Implemented,2020-D011,89 FR 20869,03/26/24,Defense Federal Acquisition Regulation Supplement: Replacement of Fluorinated Aqueous Film-Forming Foam (DFARS Case 2020-D011),https://www.federalregister.gov/documents/full_text/html/2024/03/26/2024-06003.html
FY19,2804,,"Amendment of Unified Facilities Criteria to promote military installation resilience, energy resilience, energy and climate",Implemented,2018-D057,83 FR 18160,04/30/19,Defense Federal Acquisition Regulation Supplement: Small Business Set-Asides for Architect-Engineer and Construction Design Contracts (DFARS Case 2018-D057),https://www.federalregister.gov/documents/full_text/html/2019/04/30/2019-08486.html
FY19,1006,,Transparency of accounting firms used to support Department of Defense audit,Implemented,2019-D010,87 FR 65500,10/28/22,Defense Federal Acquisition Regulation Supplement: Requirement for Firms Used To Support Department of Defense Audits (DFARS Case 2019-D010),https://www.federalregister.gov/documents/full_text/html/2022/10/28/2022-23275.html
FY19,888,,Instruction on pilot program regarding employment of persons with disabilities,Implemented,2018-D058,84 FR 72554,12/31/19,Defense Federal Acquisition Regulation Supplement: Demonstration Project for Contractors Employing Persons With Disabilities (DFARS Case 2018-D058),https://www.federalregister.gov/documents/full_text/html/2019/12/31/2019-27826.html
FY19,881,,Permanent supply chain risk management authority,Implemented,2018-D072,84 FR 4368,02/15/19,Defense Federal Acquisition Regulation Supplement: Extension of Supply Chain Risk Management Authority (DFARS Case 2018-D072),https://www.federalregister.gov/documents/full_text/html/2019/02/15/2019-02529.html
FY19,880,,Use of lowest price technically acceptable source selection process,Implemented,2018-016,86 FR 3679,01/14/21,Federal Acquisition Regulation: Lowest Price Technically Acceptable Source Selection Process,https://www.federalregister.gov/documents/full_text/html/2021/01/14/2020-29087.html
FY19,875,,Promotion of the use of Government-wide and other interagency contracts.,Implemented,2018-D073,83 FR 62501,12/04/18,Defense Federal Acquisition Regulation Supplement: Documentation for Interagency Contracts (DFARS Case 2018-D073),https://www.federalregister.gov/documents/full_text/html/2018/12/04/2018-26309.html
FY19,875,,Promotion of the use of Government-wide and other interagency contracts.,Implemented,2018-015,84 FR 19837,05/19/19,Not Found,
FY19,871,,Prohibition on acquisition of sensitive materials from non allied foreign nations,Implemented,2018-D054,84 FR 72239,12/31/19,Defense Federal Acquisition Regulation Supplement: Restriction on the Acquisition of Certain Magnets and Tungsten (DFARS Case 2018-D054),https://www.federalregister.gov/documents/full_text/html/2019/12/31/2019-27825.html
FY19,865,,Validation of proprietary and technical data,Implemented,2018-D069,87 FR 25148,04/28/22,Defense Federal Acquisition Regulation Supplement: Validation of Proprietary and Technical Data (DFARS Case 2018-D069),https://www.federalregister.gov/documents/full_text/html/2022/04/28/2022-08811.html
FY19,861,,,Implemented,2023-001,90 FR 523,01/03/25,Federal Acquisition Regulation: Subcontracting to Puerto Rican and Covered Territory Small Businesses,https://www.federalregister.gov/documents/full_text/html/2025/01/03/2024-31407.html
FY19,855,(c),Construction Contract Administration,"Partially
Implemented",2018-020,87 FR 58227,09/23/22,Federal Acquisition Regulation: Construction Contract Administration,https://www.federalregister.gov/documents/full_text/html/2022/09/23/2022-20341.html
FY19,852,,Prompt payments of small business contractors,Implemented,2018-D068,85 FR 19692,04/08/20,Defense Federal Acquisition Regulation Supplement: Prompt Payments of Small Business Contractors (DFARS Case 2018-D068),https://www.federalregister.gov/documents/full_text/html/2020/04/08/2020-06727.html
FY19,837,(a),Limitation on applicability to Department of Defense commercial contracts of certain provisions of law,Implemented,2018-D074,89 FR 90233,11/15/24,Defense Federal Acquisition Regulation Supplement: Inapplicability of Additional Defense-Unique Laws and Certain Non-Statutory DFARS Clauses to Commercial Item Contracts (DFARS Case 2018-D074),https://www.federalregister.gov/documents/full_text/html/2024/11/15/2024-26054.html
FY19,837,"(b)
(c)",Limitation on applicability to Department of Defense commercial contracts of certain provisions of law,Implemented,2018-D066,88 FR 6578,01/31/23,Defense Federal Acquisition Regulation Supplement: Definition of “Commercial Item” (DFARS Case 2018-D066),https://www.federalregister.gov/documents/full_text/html/2023/01/31/2023-01294.html
FY19,836,,Revision of definition of commercial item for purposes of Federal acquisition statutes,Implemented,2018-D066,88 FR 6578,01/31/23,Defense Federal Acquisition Regulation Supplement: Definition of “Commercial Item” (DFARS Case 2018-D066),https://www.federalregister.gov/documents/full_text/html/2023/01/31/2023-01294.html
FY19,836,,Revision of definition of commercial item for purposes of Federal acquisition statutes,Implemented,2018-018,86 FR 61017,11/04/21,Federal Acquisition Regulation: Revision of Definition of “Commercial Item”,https://www.federalregister.gov/documents/full_text/html/2021/11/04/2021-22144.html
FY19,824,,Subcontracting price and approved purchasing systems.,Implemented,2018-D065,84 FR 12140,04/01/19,Defense Federal Acquisition Regulation Supplement: Consent To Subcontract (DFARS Case 2018-D065),https://www.federalregister.gov/documents/full_text/html/2019/04/01/2019-06250.html
FY19,821,,Increase in micro-purchase threshold applicable to Department of Defense,Implemented,2018-D056,85 FR 53680,08/31/20,Defense Federal Acquisition Regulation Supplement: Definition of “Micro-Purchase Threshold” (DFARS Case 2018-D056),https://www.federalregister.gov/documents/full_text/html/2020/08/31/2020-18634.html
FY19,819,,Data collection and inventory for services contracts,Implemented,2018-D063,86 FR 36229,07/09/21,Defense Federal Acquisition Regulation Supplement: Data Collection and Inventory for Services Contracts (DFARS Case 2018-D063),https://www.federalregister.gov/documents/full_text/html/2021/07/09/2021-14429.html
FY19,816,,Modification of Limitations on Single Source Task or Delivery Order Contracts,Implemented,2018-D060,83 FR 65559,12/21/18,Defense Federal Acquisition Regulation Supplement: Modification of the Limitations on Single-Source Task or Delivery Order Contracts (DFARS Case 2018-D060),https://www.federalregister.gov/documents/full_text/html/2018/12/21/2018-27560.html
FY19,812,,Repeal of Certain Defense Acquisition Laws,Implemented,2018-D059,84 FR 12137,04/01/19,Defense Federal Acquisition Regulation Supplement: Repeal of Certain Defense Acquisition Laws (DFARS Case 2018-D059),https://www.federalregister.gov/documents/full_text/html/2019/04/01/2019-06249.html
FY19,812,,Repeal of Temporary Statutory Authorities,Implemented,2019-D040,84 FR 65310,11/27/19,Defense Federal Acquisition Regulation Supplement: Repeal of Temporary Statutory Authorities (DFARS Case 2019-D040),https://www.federalregister.gov/documents/full_text/html/2019/11/27/2019-25659.html
FY18,1702,(a),Uniformity in procurement terminology,Implemented,2018-004,85 FR 40064,07/02/20,Federal Acquisition Regulation: Increased Micro-Purchase and Simplified Acquisition Thresholds,https://www.federalregister.gov/documents/full_text/html/2020/07/02/2020-12763.html
FY18,1656,,"Security of nuclear command, control, and communications systems from commercial dependencies",Implemented,2018-D022,86 FR 3832,01/15/21,Defense Federal Acquisition Regulation Supplement: Covered Defense Telecommunications Equipment or Services (DFARS Case 2018-D022),https://www.federalregister.gov/documents/full_text/html/2021/01/15/2021-00612.html
FY18,1634,,Prohibition on use of products and services developed or provided by Kaspersky Lab,Implemented,2018-010,84 FR 47861,09/10/19,Federal Acquisition Regulation: Use of Products and Services of Kaspersky Lab,https://www.federalregister.gov/documents/full_text/html/2019/09/10/2019-19360.html
FY18,1603,,Foreign commercial satellite services and certain items on the commerce control list,Implemented,2018-D020,84 FR 25188,05/31/19,Defense Federal Acquisition Regulation Supplement: Foreign Commercial Satellite Services and Certain Items on the Commerce Control List (DFARS Case 2018-D020),https://www.federalregister.gov/documents/full_text/html/2019/05/31/2019-11306.html
FY18,1051,,"Elimination of reporting requirements terminated after November 25, 2017, pursuant to section 1080 of the National",Implemented,2020-D004,85 FR 34532,06/05/20,Defense Federal Acquisition Regulation Supplement: Repeal of Annual Reporting Requirements to Congressional Defense Committees (DFARS Case 2020-D004),https://www.federalregister.gov/documents/full_text/html/2020/06/05/2020-11749.html
FY18,885,,Exception for business operations from requirement to accept $1 coins,Implemented,2018-009,83 FR 48700,09/26/18,Federal Acquisition Regulations: One Dollar Coins,https://www.federalregister.gov/documents/full_text/html/2018/09/26/2018-20709.html
FY18,882,,Procurement of aviation critical safety items,Implemented,2018-D010,84 FR 50785,09/26/19,Defense Federal Acquisition Regulation Supplement: Restrictions on Use of Lowest Price Technically Acceptable Source Selection Process (DFARS Case 2018-D010),https://www.federalregister.gov/documents/full_text/html/2019/09/26/2019-20557.html
FY18,871,,Noncommercial computer software acquisition considerations,Implemented,2018-D018,88 FR 17340,03/22/23,Defense Federal Acquisition Regulation Supplement: Noncommercial Computer Software (DFARS Case 2018-D018),https://www.federalregister.gov/documents/full_text/html/2023/03/22/2023-05672.html
FY18,849,"(b)
(c)",Review of regulations on commercial items,Implemented,2018-D074,89 FR 90233,11/15/24,Defense Federal Acquisition Regulation Supplement: Inapplicability of Additional Defense-Unique Laws and Certain Non-Statutory DFARS Clauses to Commercial Item Contracts (DFARS Case 2018-D074),https://www.federalregister.gov/documents/full_text/html/2024/11/15/2024-26054.html
FY18,848,,Commercial determinations,Implemented,"2020-D033
2016-D006
2019-D029","87 FR 25141
83 FR 4431
85 FR 60918","4/28/2022
1/31/2018
9/30/2020","Defense Federal Acquisition Regulation Supplement: Commercial Item Determinations (DFARS Case 2020-D033)
Defense Federal Acquisition Regulation Supplement: Procurement of Commercial Items (DFARS Case 2016-D006)
Not Found","https://www.federalregister.gov/documents/full_text/html/2022/04/28/2022-08812.html
https://www.federalregister.gov/documents/full_text/html/2018/01/31/2018-01781.html
"
FY18,847,,Revision to definition of commercial item,Implemented,2018-008,84 FR 54760,10/10/19,Federal Acquisition Regulation; Federal Acquisition Circular 2020-01; Introduction,https://www.federalregister.gov/documents/full_text/html/2019/10/10/2019-21846.html
FY18,837,,Should-cost management,Implemented,2018-D015,84 FR 65308,11/27/19,Defense Federal Acquisition Regulation Supplement: Management of Should-Cost Review Process (DFARS Case 2018-D015),https://www.federalregister.gov/documents/full_text/html/2019/11/27/2019-25655.html
FY18,834,,Requirement to emphasize reliability and maintainability in weapon system design,Implemented,2019-D003,84 FR 58332,10/31/19,Defense Federal Acquisition Regulation Supplement: Reliability and Maintainability in Weapon System Design (DFARS Case 2019-D003),https://www.federalregister.gov/documents/full_text/html/2019/10/31/2019-23812.html
FY18,832,,Prohibition on use of lowest price technically acceptable source selection process for major defense acquisition programs,Implemented,2018-D010,84 FR 50785,09/26/19,Defense Federal Acquisition Regulation Supplement: Restrictions on Use of Lowest Price Technically Acceptable Source Selection Process (DFARS Case 2018-D010),https://www.federalregister.gov/documents/full_text/html/2019/09/26/2019-20557.html
FY18,824,,Contract closeout authority,Implemented,2018-D012,84 FR 18153,04/30/19,Defense Federal Acquisition Regulation Supplement: Contract Closeout Authority (DFARS Case 2018-D012),https://www.federalregister.gov/documents/full_text/html/2019/04/30/2019-08482.html
FY18,823,,Exemption from design-build selection Procedures,Implemented,2018-D011,84 FR 4371,02/15/19,Defense Federal Acquisition Regulation Supplement: Exemption From Design-Build Selection Procedures (DFARS Case 2018-D011),https://www.federalregister.gov/documents/full_text/html/2019/02/15/2019-02526.html
FY18,822,,Use of lowest price technically acceptable source selection process,Implemented,2018-D010,84 FR 50785,09/26/19,Defense Federal Acquisition Regulation Supplement: Restrictions on Use of Lowest Price Technically Acceptable Source Selection Process (DFARS Case 2018-D010),https://www.federalregister.gov/documents/full_text/html/2019/09/26/2019-20557.html
FY18,821,,Amendment relating to applicability of inflation adjustments,Implemented,2018-D023,84 FR 25186,05/31/19,Defense Federal Acquisition Regulation Supplement: Applicability of Inflation Adjustment of Acquisition-Related Thresholds (DFARS Case 2018-D023),https://www.federalregister.gov/documents/full_text/html/2019/05/31/2019-11308.html
FY18,818,,Enhanced post-award debriefing rights,Implemented,2018-D009,87 FR 15808,03/18/22,Defense Federal Acquisition Regulation Supplement: Postaward Debriefings (DFARS Case 2018-D009),https://www.federalregister.gov/documents/full_text/html/2022/03/18/2022-05531.html
FY18,815,,Limitation on unilateral definitization,Implemented,2018-D008,84 FR 39204,08/09/19,Defense Federal Acquisition Regulation Supplement: Undefinitized Contract Actions (DFARS Case 2018-D008),https://www.federalregister.gov/documents/full_text/html/2019/08/09/2019-16766.html
FY18,813,(b),Sunset of provision relating to the procurement of certain goods,Implemented,2018-D007,83 FR 62498,12/04/18,Defense Federal Acquisition Regulation Supplement: Sunset of Provision Relating to the Procurement of Certain Goods (DFARS Case 2018-D007),https://www.federalregister.gov/documents/full_text/html/2018/12/04/2018-26305.html
FY18,813,(a),Repeal of restrictions on chemical weapons antidote,Implemented,2018-D006,83 FR 24890,05/30/18,Defense Federal Acquisition Regulation Supplement: Repeal of Restrictions on Chemical Weapons Antidote (DFARS Case 2018-D006),https://www.federalregister.gov/documents/full_text/html/2018/05/30/2018-11343.html
FY18,811,,Threshold for obtaining certified cost or pricing data,Implemented,2018-005,85 FR 40071,07/02/20,Federal Acquisition Regulation: Modifications to Cost or Pricing Data Requirements,https://www.federalregister.gov/documents/full_text/html/2020/07/02/2020-12765.html
FY18,806,,Increased simplified acquisition threshold,Implemented,2018-004,85 FR 40064,07/02/20,Federal Acquisition Regulation: Increased Micro-Purchase and Simplified Acquisition Thresholds,https://www.federalregister.gov/documents/full_text/html/2020/07/02/2020-12763.html
FY18,805,,Increased simplified acquisition threshold,Implemented,2018-004,85 FR 40064,07/02/20,Federal Acquisition Regulation: Increased Micro-Purchase and Simplified Acquisition Thresholds,https://www.federalregister.gov/documents/full_text/html/2020/07/02/2020-12763.html
FY18,801,,Statement of purpose for Department of Defense acquisition,Implemented,2018-D005,83 FR 19641,05/04/18,Defense Federal Acquisition Regulation Supplement: Statement of Purpose for Department of Defense Acquisition (DFARS Case 2018-D005),https://www.federalregister.gov/documents/full_text/html/2018/05/04/2018-09488.html
FY18,221,,Expansion of definition of competitive procedures to include competitive selection for award of science and,Implemented,2018-D021,84 FR 4364,02/15/19,Defense Federal Acquisition Regulation Supplement: Amendments Related to General Solicitations (DFARS Case 2018-D021),https://www.federalregister.gov/documents/full_text/html/2019/02/15/2019-02527.html
FY17,1823,,Amendmen ts to the Mentor-Protégé Program of the Department of Defense,Implemented,2017-D016,83 FR 54677,10/31/18,Defense Federal Acquisition Regulation Supplement: Mentor-Protege Program Modifications (DFARS Case 2017-D016),https://www.federalregister.gov/documents/full_text/html/2018/10/31/2018-23673.html
FY17,1821,(b),Good faith in subcontracting,Implemented,2017-008,84 FR 19146,05/01/18,Federal Acquisition Regulation: Duties of Office of Small and Disadvantaged Business Utilization,https://www.federalregister.gov/documents/full_text/html/2018/05/01/2018-09166.html
FY17,1821,,Good faith in small business subcontracting,Implemented,2019-004,86 FR 44249,08/11/21,Federal Acquisition Regulation: Good Faith in Small Business Subcontracting,https://www.federalregister.gov/documents/full_text/html/2021/08/11/2021-16366.html
FY17,1813,(b),Requirements under the Mentor-Protege Program of the Department of Defense,Implemented,2017-D016,83 FR 54677,10/31/18,Defense Federal Acquisition Regulation Supplement: Mentor-Protege Program Modifications (DFARS Case 2017-D016),https://www.federalregister.gov/documents/full_text/html/2018/10/31/2018-23673.html
FY17,1813,(a),Requirements for the Office of Small and Disadvantaged Business Utilization,Implemented,2017-008,84 FR 19146,05/01/18,Federal Acquisition Regulation: Duties of Office of Small and Disadvantaged Business Utilization,https://www.federalregister.gov/documents/full_text/html/2018/05/01/2018-09166.html
FY17,1812,,Duties of Office of Small and Disadvantaged Business Utilization,Implemented,2017-008,84 FR 19146,05/01/18,Federal Acquisition Regulation: Duties of Office of Small and Disadvantaged Business Utilization,https://www.federalregister.gov/documents/full_text/html/2018/05/01/2018-09166.html
FY17,1811,,Scope of review by procurement center representatives,Implemented,2020-012,86 FR 44247,08/11/21,Federal Acquisition Regulation: Scope of Review by Procurement Center Representatives,https://www.federalregister.gov/documents/full_text/html/2021/08/11/2021-16365.html
FY17,1811,,Scope of review by procurement center representatives,Implemented,2019-D008,84 FR 72561,12/31/19,Defense Federal Acquisition Regulation Supplement: Review of Defense Solicitations by Procurement Center Representatives (DFARS Case 2019-D008),https://www.federalregister.gov/documents/full_text/html/2019/12/31/2019-27827.html
FY17,1641,,Additional special emergency procurement authority—delegation to head of contracting activity,Implemented,2017-009,84 FR 19835,05/06/19,Federal Acquisition Regulation: Special Emergency Procurement Authority,https://www.federalregister.gov/documents/full_text/html/2019/05/06/2019-06620.html
FY17,1296,,Maintenance of prohibition on procurement by Department of Defense of People's Republic of China-origin items that meet,Implemented,2018-D020,84 FR 25188,05/31/19,Defense Federal Acquisition Regulation Supplement: Foreign Commercial Satellite Services and Certain Items on the Commerce Control List (DFARS Case 2018-D020),https://www.federalregister.gov/documents/full_text/html/2019/05/31/2019-11306.html
FY17,1216,,Pro hibition on u se of fu nds for certa in programs and projects of the Department of Defense in Afghanistan that cannot be,Implemented,2017-D032,83 FR 16003,04/13/18,Defense Federal Acquisition Regulation Supplement: Safe Access to Projects in Afghanistan (DFARS Case 2017-D032),https://www.federalregister.gov/documents/full_text/html/2018/04/13/2018-07733.html
FY17,892,,Selection of service providers for auditing services and audit readiness services,Implemented,2018-D010,84 FR 50785,09/26/19,Defense Federal Acquisition Regulation Supplement: Restrictions on Use of Lowest Price Technically Acceptable Source Selection Process (DFARS Case 2018-D010),https://www.federalregister.gov/documents/full_text/html/2019/09/26/2019-20557.html
FY17,888,,Requirement and review relating to use of brand names or brand-name or equivalent descriptions in solicitations,Implemented,2017-D040,84 FR 25190,05/31/19,Defense Federal Acquisition Regulation Supplement: Brand Name or Equal (DFARS Case 2017-D040),https://www.federalregister.gov/documents/full_text/html/2019/05/31/2019-11305.html
FY17,881,(b),Greater integration of the national technology and industrial base,Implemented,2017-D011,83 FR 65560,12/21/18,Defense Federal Acquisition Regulation Supplement: Restrictions on Acquisitions From Foreign Sources (DFARS Case 2017-D011),https://www.federalregister.gov/documents/full_text/html/2018/12/21/2018-27557.html
FY17,878,,Treatment of services provided by nontraditional contractors as commercial items,Implemented,2019-D029,85 FR 60918,09/29/20,Defense Federal Acquisition Regulation Supplement: Treatment of Certain Items as Commercial Items (DFARS Case 2019-D029),https://www.federalregister.gov/documents/full_text/html/2020/09/29/2020-21249.html
FY17,877,,Treatment of commingled items purchased by contractors as commercial items,Implemented,2019-D029,85 FR 60918,09/29/20,Defense Federal Acquisition Regulation Supplement: Treatment of Certain Items as Commercial Items (DFARS Case 2019-D029),https://www.federalregister.gov/documents/full_text/html/2020/09/29/2020-21249.html
FY17,876,,Preference for commercial services,"Partially
Implemented","2018-D016
2019-D034",84 FR 39203,08/09/19,Defense Federal Acquisition Regulation Supplement: Preference for Certain Commercial Services (DFARS Case 2018-D016),https://www.federalregister.gov/documents/full_text/html/2019/08/09/2019-16767.html
FY17,875,,Use of commercial or non-government standards in lieu of military specifications and standards,Implemented,2017-D014,84 FR 4366,02/15/19,Defense Federal Acquisition Regulation Supplement: Use of Commercial or Non-Government Standards (DFARS Case 2017-D014),https://www.federalregister.gov/documents/full_text/html/2019/02/15/2019-02524.html
FY17,874,,Inapplicability of certain laws and regulations to the acquisition of commercial Items and commercially,"Partially
Implemented",2017-D010,88 FR 80462,11/17/23,Defense Federal Acquisition Regulation Supplement: Inapplicability of Certain Laws and Regulations to Commercial Items (DFARS Case 2017-D010),https://www.federalregister.gov/documents/full_text/html/2023/11/17/2023-25158.html
FY17,872,,Value analysis for the determination of price reasonableness,Implemented,2019-D027,85 FR 34530,06/05/20,Defense Federal Acquisition Regulation Supplement: Technical Amendments,https://www.federalregister.gov/documents/full_text/html/2020/06/05/2020-11752.html
FY17,871,,Market research for determination of price reasonableness in acquisition of commercial items,Implemented,2019-D027,86 FR 34530,06/05/20,Defense Federal Acquisition Regulation Supplement: Technical Amendments,https://www.federalregister.gov/documents/full_text/html/2020/06/05/2020-11752.html
FY17,846,,Repeal of major automated information systems provisions,Implemented,2017-D028,88 FR 46903,07/20/23,Defense Federal Acquisition Regulation Supplement: Repeal of Major Automated Information Systems Provisions (DFARS Case 2017-D028),https://www.federalregister.gov/documents/full_text/html/2023/07/20/2023-15152.html
FY17,836,,Contract closeout authority,Implemented,2018-D012,84 FR 18153,04/30/19,Defense Federal Acquisition Regulation Supplement: Contract Closeout Authority (DFARS Case 2018-D012),https://www.federalregister.gov/documents/full_text/html/2019/04/30/2019-08482.html
FY17,835,,Protection of task order competition,Implemented,2017-007,84 FR 19145,05/01/18,Federal Acquisition Regulation: Task- and Delivery-Order Protests,https://www.federalregister.gov/documents/full_text/html/2018/05/01/2018-09165.html
FY17,831,,Preference for performance-based contract paymenrts,Implemented,2019-D002,85 FR 19681,04/08/20,Defense Federal Acquisition Regulation Supplement: Technical Amendments,https://www.federalregister.gov/documents/full_text/html/2020/04/08/2020-06734.html
FY17,830,,Requirement to use firm fixed priced contracts for foreign military sales,Implemented,2017-D024,84 FR 65304,11/27/19,Defense Federal Acquisition Regulation Supplement: Use of Fixed-Price Contracts (DFARS Case 2017-D024),https://www.federalregister.gov/documents/full_text/html/2019/11/27/2019-25658.html
FY17,829,,Preference for fixed-priced contracts,Implemented,2017-D024,84 FR 65304,11/27/19,Defense Federal Acquisition Regulation Supplement: Use of Fixed-Price Contracts (DFARS Case 2017-D024),https://www.federalregister.gov/documents/full_text/html/2019/11/27/2019-25658.html
FY17,825,,Evaluation Factors for Certain Multiple- Award Task- or Delivery-Other Contracts,Implemented,2017-010,85 FR 40068,07/02/20,Federal Acquisition Regulation: Evaluation Factors for Multiple-Award Contracts,https://www.federalregister.gov/documents/full_text/html/2020/07/02/2020-12764.html
FY17,824,,Treatment of independent research and development costs on certain contracts,Implemented,2017-D018,88 FR 6597,01/31/23,Defense Federal Acquisition Regulation Supplement: Treatment of Incurred Independent Research and Development Costs (DFARS Case 2017-D018),https://www.federalregister.gov/documents/full_text/html/2023/01/31/2023-01293.html
FY17,822,,Enhanced competition requirements,Implemented,2017-D009,84 FR 30947,06/28/19,Defense Federal Acquisition Regulation Supplement: Only One Offer (DFARS Case 2017-D009),https://www.federalregister.gov/documents/full_text/html/2019/06/28/2019-13739.html
FY17,822,,Enhanced competition requirements,Implemented,2017-006,84 FR 27494,06/12/19,Federal Acquisition Regulation; Federal Acquisition Circular 2019-03; Introduction,https://www.federalregister.gov/documents/full_text/html/2019/06/12/2019-12267.html
FY17,821,,Increased micro-purchase threshold applicable to Department of Defense procurements,Implemented,2017-D027,83 FR 24895,05/30/18,Defense Federal Acquisition Regulation Supplement: Micro-Purchase Threshold (DFARS Case 2017-D027),https://www.federalregister.gov/documents/full_text/html/2018/05/30/2018-11349.html
FY17,817,,Compliance with domestic source requirements for footwear furnished to enlisted members of the Armed Forces,Implemented,2017-D011,83 FR 65560,12/21/18,Defense Federal Acquisition Regulation Supplement: Restrictions on Acquisitions From Foreign Sources (DFARS Case 2017-D011),https://www.federalregister.gov/documents/full_text/html/2018/12/21/2018-27557.html
FY17,816,,Addit ional Speci al Em erge ncy Procurement Authority—Delegation to Head of Contracting Activity,Implemented,2017-009,84 FR 19835,05/06/19,Federal Acquisition Regulation: Special Emergency Procurement Authority,https://www.federalregister.gov/documents/full_text/html/2019/05/06/2019-06620.html
FY17,814,,Procurement of personal protective equipment,Implemented,2018-D010,84 FR 50785,09/26/19,Defense Federal Acquisition Regulation Supplement: Restrictions on Use of Lowest Price Technically Acceptable Source Selection Process (DFARS Case 2018-D010),https://www.federalregister.gov/documents/full_text/html/2019/09/26/2019-20557.html
FY17,813,,Use of lowest price technically acceptable source selection process,Implemented,2018-D010,85 FR 50785,09/26/19,Defense Federal Acquisition Regulation Supplement: Restrictions on Use of Lowest Price Technically Acceptable Source Selection Process (DFARS Case 2018-D010),https://www.federalregister.gov/documents/full_text/html/2019/09/26/2019-20557.html
FY17,812,,Amendments relating to inventory and tracking of purchases of services,Implemented,2018-D063,86 FR 36229,07/09/21,Defense Federal Acquisition Regulation Supplement: Data Collection and Inventory for Services Contracts (DFARS Case 2018-D063),https://www.federalregister.gov/documents/full_text/html/2021/07/09/2021-14429.html
FY17,217,(a),Increased micro-purchase threshold for research programs and entities,Implemented,2017-D027,83 FR 24895,05/30/18,Defense Federal Acquisition Regulation Supplement: Micro-Purchase Threshold (DFARS Case 2017-D027),https://www.federalregister.gov/documents/full_text/html/2018/05/30/2018-11349.html
FY17,217,(b),Increased micro-purchase threshold for research programs and entities,Implemented,2018-004,85 FR 40064,07/02/20,Federal Acquisition Regulation: Increased Micro-Purchase and Simplified Acquisition Thresholds,https://www.federalregister.gov/documents/full_text/html/2020/07/02/2020-12763.html
FY16,898,,Competition for religious-related services contracts,Implemented,2016-D015,83 FR 16001,04/13/18,Defense Federal Acquisition Regulation Supplement: Competition for Religious-Related Services Contracts (DFARS Case 2016-D015),https://www.federalregister.gov/documents/full_text/html/2018/04/13/2018-07731.html
FY16,897,,Treatment of interagency and state and local purchases when the Department of Defense acts as contract intermediary for,Implemented,2016-D009,81 FR 42562,06/30/16,Defense Federal Acquisition Regulation Supplement: Treatment of Interagency and State and Local Purchases (DFARS Case 2016-D009),https://www.federalregister.gov/documents/full_text/html/2016/06/30/2016-15249.html
FY16,892,,Rev isions to pilot prog ram on acquisition of military purpose nondevelopmental Items,Implemented,2016-D014,81 FR 78012,11/04/16,Defense Federal Acquisition Regulation Supplement: Pilot Program on Acquisition of Military Purpose Nondevelopmental Items (DFARS Case 2016-D014),https://www.federalregister.gov/documents/full_text/html/2016/11/04/2016-26368.html
FY16,887,,Effective communication between government and industry,Implemented,2016-005,87 FR 73902,12/01/22,Federal Acquisition Regulation: Effective Communication between Government and Industry,https://www.federalregister.gov/documents/full_text/html/2022/12/01/2022-25959.html
FY16,885,(b),Amen dments conc erning detection and avoidance of counterfeit electronic parts,Implemented,2016-D013,83 FR 19641,05/04/18,Defense Federal Acquisition Regulation Supplement: Statement of Purpose for Department of Defense Acquisition (DFARS Case 2018-D005),https://www.federalregister.gov/documents/full_text/html/2018/05/04/2018-09488.html
FY16,885,(a),Amendments concerning detection and avoidance of counterfeit electronic parts,Implemented,2016-D010,81 FR 59510,08/30/16,"Defense Federal Acquisition Regulation Supplement: Request for Audit Services in France, Germany, the Netherlands, or the United Kingdom (DFARS Case 2016-D027)",https://www.federalregister.gov/documents/full_text/html/2016/08/30/2016-20476.html
FY16,874,,Individual Sureties,Implemented,2017-003,86 FR 3682,01/14/21,Federal Acquisition Regulation: Individual Sureties,https://www.federalregister.gov/documents/full_text/html/2021/01/14/2020-29088.html
FY16,872,,Reporting related to failure of contractors to meet goals under negotiated comprehensive small business subcontracting plans,Implemented,2015-D013,83 FR 15996,04/13/18,Defense Federal Acquisition Regulation Supplement: Temporary Extension of Test Program for Comprehensive Small Business Subcontracting Plans (DFARS Case 2015-D013),https://www.federalregister.gov/documents/full_text/html/2018/04/13/2018-07730.html
FY16,863,,Notice of contract consilidation for acquisition strategies,Implemented,2019-003,86 FR 61038,11/04/21,Federal Acquisition Regulation: Consolidation and Substantial Bundling,https://www.federalregister.gov/documents/full_text/html/2021/11/04/2021-22145.html
FY16,861,,Amendment to mentor-protégé program,Implemented,2016-D011,83 FR 12682,03/23/18,Defense Federal Acquisition Regulation Supplement: Amendment to Mentor-Protégé Program (DFARS Case 2016-D011),https://www.federalregister.gov/documents/full_text/html/2018/03/23/2018-05937.html
FY16,857,,Treatment of goods and services and services provided by nontraditional defense contractors as commercial items,Implemented,2016-D006,83 FR 4431,01/31/18,Defense Federal Acquisition Regulation Supplement: Procurement of Commercial Items (DFARS Case 2016-D006),https://www.federalregister.gov/documents/full_text/html/2018/01/31/2018-01781.html
FY16,856,,Limitation on conversion of procurements from commercial acquisition procedures,Implemented,2016-D006,83 FR 4431,01/31/18,Defense Federal Acquisition Regulation Supplement: Procurement of Commercial Items (DFARS Case 2016-D006),https://www.federalregister.gov/documents/full_text/html/2018/01/31/2018-01781.html
FY16,855,,Market research and preference for commercial items,Implemented,2016-D006,83 FR 4431,01/31/18,Defense Federal Acquisition Regulation Supplement: Procurement of Commercial Items (DFARS Case 2016-D006),https://www.federalregister.gov/documents/full_text/html/2018/01/31/2018-01781.html
FY16,853,,Use of recent prices paid by the Government in the determination of price reasonableness,Implemented,2016-D006,83 FR 4431,01/31/18,Defense Federal Acquisition Regulation Supplement: Procurement of Commercial Items (DFARS Case 2016-D006),https://www.federalregister.gov/documents/full_text/html/2018/01/31/2018-01781.html
FY16,852,,Modification to information required to be submitted by offeror in procurement of major weapons systems as commercial items,Implemented,2016-D006,83 FR 4431,01/31/18,Defense Federal Acquisition Regulation Supplement: Procurement of Commercial Items (DFARS Case 2016-D006),https://www.federalregister.gov/documents/full_text/html/2018/01/31/2018-01781.html
FY16,851,,Procurement of commercial items,Implemented,2016-D006,83 FR 4431,01/31/18,Defense Federal Acquisition Regulation Supplement: Procurement of Commercial Items (DFARS Case 2016-D006),https://www.federalregister.gov/documents/full_text/html/2018/01/31/2018-01781.html
FY16,816,,Amendment to acquisition threshold for special emergency procurement authority,Implemented,2016-004,82 FR 4716,01/13/17,Federal Acquisition Regulation; Acquisition Threshold for Special Emergency Procurement Authority,https://www.federalregister.gov/documents/full_text/html/2017/01/13/2016-31496.html
FY16,815,,Amendments to other transaction authority,Implemented,2019-D031,87 FR 10989,02/28/22,Defense Federal Acquisition Regulation Supplement: Exception to Competition for Certain Follow-On Production Contracts (DFARS Case 2019-D031),https://www.federalregister.gov/documents/full_text/html/2022/02/28/2022-04011.html
FY16,813,(a),Rights in technical data,Implemented,2016-D008,81 FR 65565,09/23/16,Defense Federal Acquisition Regulation Supplement: Rights in Technical Data (DFARS Case 2016-D008),https://www.federalregister.gov/documents/full_text/html/2016/09/23/2016-22570.html
FY16,812,,Applicability of cost and pricing data and certification requirements,Implemented,2015-D028,83 FR 30825,06/29/18,Defense Federal Acquisition Regulation Supplement: Offset Costs (DFARS Case 2015-D028),https://www.federalregister.gov/documents/full_text/html/2018/06/29/2018-14045.html
FY16,811,,Amendment relating to multi-year contract authority for acquisition of property.,Implemented,2016-006,81 FR 67773,09/30/16,Federal Acquisition Regulation; Amendment Relating to Multi-Year Contract Authority for Acquisition of Property,https://www.federalregister.gov/documents/full_text/html/2016/09/30/2016-23201.html
FY15,1632,,Reporting on cyber incidents with respect to networks and information systems of operationally critical contractors,Implemented,2013-D018,81 FR 72986,10/21/16,Defense Federal Acquisition Regulation Supplement: Network Penetration Reporting and Contracting for Cloud Services (DFARS Case 2013-D018),https://www.federalregister.gov/documents/full_text/html/2016/10/21/2016-25315.html
FY15,858,,Requirement to provide photovoltaic devices from United States sources,Implemented,2015-D007,80 FR 72599,11/20/15,Defense Federal Acquisition Regulation Supplement: Photovoltaic Devices From the United States (DFARS Case 2015-D007),https://www.federalregister.gov/documents/full_text/html/2015/11/20/2015-29551.html
FY15,857,,Prohibition on Reimbursement for Congressional Investigations and Inquiries,Implemented,2015-016,82 FR 4732,01/13/17,Federal Acquisition Regulation; Prohibition on Reimbursement for Congressional Investigations and Inquiries,https://www.federalregister.gov/documents/full_text/html/2017/01/13/2016-31499.html
FY15,825,(a)(3),Sole Source Contracts for Women-Owned Small Businesses,Implemented,2015-032,81 FR 67735,09/30/16,Federal Acquisition Regulation; Sole Source Contracts for Women-Owned Small Businesses,https://www.federalregister.gov/documents/full_text/html/2016/09/30/2016-23197.html
FY15,825,,Sole Source Contracts for Women-Owned Small Businesses,Implemented,2020-013,87 FR 58237,09/23/22,Federal Acquisition Regulation: Certification of Women-Owned Small Businesses,https://www.federalregister.gov/documents/full_text/html/2022/09/23/2022-20343.html
FY15,821,,Temporary extension of and amendments to test program for negotiation of comprehensive small business subcontracting plans,Implemented,2015-D013,83 FR 15996,04/13/18,Defense Federal Acquisition Regulation Supplement: Temporary Extension of Test Program for Comprehensive Small Business Subcontracting Plans (DFARS Case 2015-D013),https://www.federalregister.gov/documents/full_text/html/2018/04/13/2018-07730.html
FY15,817,,Detection and avoidance of counterfeit electronic parts,Implemented,2014-D005,81 FR 50635,08/02/16,Defense Federal Acquisition Regulation Supplement: Detection and Avoidance of Counterfeit Electronic Parts-Further Implementation (DFARS Case 2014-D005),https://www.federalregister.gov/documents/full_text/html/2016/08/02/2016-17956.html
FY15,816,,Restatement and revision of requirements applicable to multiyear defense acquisitions to be specifically authorized,Implemented,2015-D009,81 FR 28730,05/10/16,Defense Federal Acquisition Regulation Supplement: Multiyear Contract Requirements (DFARS Case 2015-D009),https://www.federalregister.gov/documents/full_text/html/2016/05/10/2016-10823.html
FY15,815,,Pe rmanent Authority for Use of Simplified Acquisition Procedures for Certain Commercial Items,Implemented,2015-010,80 FR 38311,07/02/15,Federal Acquisition Regulation; Permanent Authority for Use of Simplified Acquisition Procedures for Certain Commercial Items,https://www.federalregister.gov/documents/full_text/html/2015/07/02/2015-16216.html
FY15,814,,Improvement in Design-Build Construction Process,Implemented,2015-018,81 FR 30447,05/16/16,Federal Acquisition Regulation; Improvement in Design-Build Construction Process,https://www.federalregister.gov/documents/full_text/html/2016/05/16/2016-11003.html
FY15,811,,Extension and modification of contract authority for advanced component development and prototype units,Implemented,2015-D008,81 FR 17044,03/25/16,Defense Federal Acquisition Regulation Supplement: Extension and Modification of Contract Authority for Advanced Component Development and Prototype Units (DFARS Case 2015-D008),https://www.federalregister.gov/documents/full_text/html/2016/03/25/2016-06721.html
FY15,745,,Prohibition against using fiscal year 2015 funds to contract with corporations that have an unpaid delinquent tax liability or a felony conviction under Federal law,Implemented,2015-011,81 FR 67728,09/30/16,Federal Acquisition Regulation; Prohibition on Contracting With Corporations With Delinquent Taxes or a Felony Conviction,https://www.federalregister.gov/documents/full_text/html/2016/09/30/2016-23194.html
FY14,1611,,Advancing small business growth,Implemented,2014-D009,80 FR 30116,05/26/15,Defense Federal Acquisition Regulation Supplement: Advancing Small Business Growth (DFARS Case 2014-D009),https://www.federalregister.gov/documents/full_text/html/2015/05/26/2015-12338.html
FY14,1602,,Foreign space activities,Implemented,2014-D010,79 FR 73490,12/11/14,Defense Federal Acquisition Regulation Supplement: Foreign Commercial Satellite Services (DFARS Case 2014-D010),https://www.federalregister.gov/documents/full_text/html/2014/12/11/2014-28813.html
FY14,814,,Extension of pilot Program on acquisition of military purpose nondevelopmental items,Implemented,2014-D007,79 FR 17446,03/28/14,Defense Federal Acquisition Regulation Supplement: Extension of Pilot Program on Acquisition of Military-Purpose Nondevelopmental Items (DFARS Case 2014-D007),https://www.federalregister.gov/documents/full_text/html/2014/03/28/2014-06737.html
FY13,1697,,Removal of dollar limitations for set-asides,Implemented,2013-010,79 FR 35864,06/24/14,Federal Acquisition Regulation; Contracting With Women-Owned Small Business Concerns,https://www.federalregister.gov/documents/full_text/html/2014/06/24/2014-14381.html
FY13,1671,,d th d ll b i Consolidation and Bundling,Implemented,2014-015,81 FR 67763,09/30/16,Federal Acquisition Regulation; Consolidation and Bundling,https://www.federalregister.gov/documents/full_text/html/2016/09/30/2016-23199.html
FY13,1651,,Limitations on subcontracting,Implemented,2016-011,86 FR 44233,08/11/21,Federal Acquisition Regulation: Revision of Limitations on Subcontracting,https://www.federalregister.gov/documents/full_text/html/2021/08/11/2021-16364.html
FY13,1651,,Limitations on subcontracting,Implemented,2019-D004,84 FR 58334,10/31/19,Defense Federal Acquisition Regulation Supplement: Nonmanufacturer Rule for 8(a) Participants (DFARS Case 2019-D004),https://www.federalregister.gov/documents/full_text/html/2019/10/31/2019-23811.html
FY13,1641,,Policy on Joint Ventures,Implemented,2017-019,87 FR 58219,09/23/22,Federal Acquisition Regulation: Policy on Joint Ventures,https://www.federalregister.gov/documents/full_text/html/2022/09/23/2022-20340.html
FY13,941,,Reports to Department of Defense on penetrations of networks and information systems of certain contractors,Implemented,2013-D018,81 FR 72986,10/21/16,Defense Federal Acquisition Regulation Supplement: Network Penetration Reporting and Contracting for Cloud Services (DFARS Case 2013-D018),https://www.federalregister.gov/documents/full_text/html/2016/10/21/2016-25315.html
FY13,852,,Information on Corporate Contractor Performance and Integrity,Implemented,2013-020,81 FR 11988,03/07/2016,Federal Acquisition Regulation; Information on Corporate Contractor Performance and Integrity,https://www.federalregister.gov/documents/full_text/html/2016/03/07/2016-04773.html
FY13,842,,Limitation on authority to acquire products and services produced in Afghanistan,Implemented,2013-D009,79 FR 11342,02/28/14,Defense Federal Acquisition Regulation Supplement: Acquisitions in Support of Operations in Afghanistan (DFARS Case 2013-D009),https://www.federalregister.gov/documents/full_text/html/2014/02/28/2014-04152.html
FY13,833,,Contractor re sponsibilities in regulations relating to detection and avoidance of counterfeit electronic parts,Implemented,2012-D055,79 FR 26091,05/06/14,Not Found,
FY13,831,,Guidance and training related to evaluating reasonableness of price,Implemented,2016-D006,83 FR 4431,01/31/18,Defense Federal Acquisition Regulation Supplement: Procurement of Commercial Items (DFARS Case 2016-D006),https://www.federalregister.gov/documents/full_text/html/2018/01/31/2018-01781.html
FY13,830,,(S) Repeal of Sunset for Certain Protests of Task and Delivery Order Contracts,Implemented,2013-011,78 FR 46792,08/01/13,Federal Acquisition Regulation; Repeal of Sunset for Certain Protests of Task or Delivery Order Contracts,https://www.federalregister.gov/documents/full_text/html/2013/08/01/2013-18462.html
FY13,829,,Extension of Limitations on Contractor Employee Personal Conflicts of Interest,Closed,2013-022,86 FR 14862,03/19/21,Federal Acquisition Regulation: Extension of Limitations on Contractor Employee Personal Conflicts of Interest,https://www.federalregister.gov/documents/full_text/html/2021/03/19/2021-05660.html
FY13,828,(d),(S) Allowability of Legal Costs for Whistleblower Proceedings,Implemented,2013-017,79 FR 43589,07/25/14,Federal Acquisition Regulation; Allowability of Legal Costs for Whistleblower Proceedings,https://www.federalregister.gov/documents/full_text/html/2014/07/25/2014-17500.html
FY13,828,,(S) Pilot Program for Enhancement of Contractor Whistleblower Protections,implemented,2013-015,80 FR 75911,12/04/15,Federal Acquisition Regulation; Pilot Program for Enhancement of Contractor Employee Whistleblower Protections,https://www.federalregister.gov/documents/full_text/html/2015/12/04/2015-30459.html
FY13,827,(g),Enhancement of contractor employee whistleblower protections,Implemented,2013-D022,80 FR 36719,06/26/15,Defense Federal Acquisition Regulation Supplement: Allowability of Legal Costs for Whistleblower Proceedings (DFARS Case 2013-D022),https://www.federalregister.gov/documents/full_text/html/2015/06/26/2015-15665.html
FY13,827,,Enhancement of contractor employee whistleblower protections,Implemented,2013-D010,79 FR 11336,02/28/14,Defense Federal Acquisition Regulation Supplement: Enhancement of Contractor Employee Whistleblower Protections (DFARS Case 2013-D010),https://www.federalregister.gov/documents/full_text/html/2014/02/28/2014-04158.html
FY13,826,,Compliance with Berry Amendment required for uniform components supplied to Afghan military or Afghan National,Implemented,2013-D009,79 FR 11342,02/28/14,Defense Federal Acquisition Regulation Supplement: Acquisitions in Support of Operations in Afghanistan (DFARS Case 2013-D009),https://www.federalregister.gov/documents/full_text/html/2014/02/28/2014-04152.html
FY13,822,,Extension of authority for use of simplified acquisition procedures for certain commercial items,Implemented,2013-007,78 FR 13767,02/28/13,Federal Acquisition Regulation; Extension of Authority for Use of Simplified Acquisition Procedures for Certain Commercial Items,https://www.federalregister.gov/documents/full_text/html/2013/02/28/2013-04601.html
FY13,811,,Limitation on use of cost-type contracts,Implemented,2013-D016,79 FR 58693,09/30/14,Defense Federal Acquisition Regulation Supplement: Limitation on Use of Cost-Reimbursement Line Items (DFARS Case 2013-D016),https://www.federalregister.gov/documents/full_text/html/2014/09/30/2014-22858.html
FY13,806,,Requirements for information relating to supply chain risk,Implemented,2012-D050,80 FR 67244,10/30/15,Defense Federal Acquisition Regulation Supplement: Requirements Relating to Supply Chain Risk (DFARS Case 2012-D050),https://www.federalregister.gov/documents/full_text/html/2015/10/30/2015-27463.html
FY12,2801,,Prohibition on use of any cost-plus system of contracting for military construction and military family housing projects,Implemented,2015-D040,81 FR 65563,09/23/16,Defense Federal Acquisition Regulation Supplement: Prohibition on Use of Any Cost-Plus System of Contracting for Military Construction and Military Family Housing Projects (DFARS Case 2015-D040),https://www.federalregister.gov/documents/full_text/html/2016/09/23/2016-22569.html
FY12,1243,,Prohibition on procurements from Communist Chinese military companies,Implemented,2012-D023,77 FR 30365,05/22/12,Defense Federal Acquisition Regulation Supplement: Report on Waiver of Prohibition on Acquisition From Communist Chinese Military Companies (DFARS Case 2012-D023),https://www.federalregister.gov/documents/full_text/html/2012/05/22/2012-11561.html
FY12,938,,Conversion of certain functions from contractor performance to performance by Department of Defense civilian employees,Implemented,2012-D036,79 FR 35700,06/24/14,Defense Federal Acquisition Regulation Supplement: Private Sector Notification Requirements of In-Sourcing Actions (DFARS Case 2012-D036),https://www.federalregister.gov/documents/full_text/html/2014/06/24/2014-14584.html
FY12,867,,Five-year extension of Department of Defense Mentor-Protégé Program,Implemented,2012-D024,77 FR 11367,02/24/12,Defense Federal Acquisition Regulation Supplement; Extension of the Department of Defense Mentor-Protégé Pilot Program (DFARS Case 2012-D024),https://www.federalregister.gov/documents/full_text/html/2012/02/24/2012-4066.html
FY12,866,,Three-year extension of the test program for negotiation of comprehensive small business subcontracting plans,Implemented,2012-D026,77 FR 11367,02/24/12,Defense Federal Acquisition Regulation Supplement; Extension of the Department of Defense Mentor-Protégé Pilot Program (DFARS Case 2012-D024),https://www.federalregister.gov/documents/full_text/html/2012/02/24/2012-4066.html
FY12,861,,Clarification of jurisdiction of the United States District Courts to hear bid protest disputes involving maritime contracts,Implemented,2012-008,77 FR 56742,09/13/12,Federal Acquisition Regulation; Bid Protest and Appeal Authorities,https://www.federalregister.gov/documents/full_text/html/2012/09/13/2012-22584.html
FY12,822,,(S) Extension of Authority for Use of Simplified Acquisition Procedures for Certain Commercial Items,Implemented,2013-007,78 FR 13767,02/28/13,Federal Acquisition Regulation; Extension of Authority for Use of Simplified Acquisition Procedures for Certain Commercial Items,https://www.federalregister.gov/documents/full_text/html/2013/02/28/2013-04601.html
FY12,821,,"Amendment relating to buying tents, tarpaulins, or covers from American sources",Implemented,2012-D015,78 FR 13544,02/28/13,Defense Federal Acquisition Regulation Supplement: Acquisition of Tents and Other Temporary Structures (DFARS Case 2012-D015),https://www.federalregister.gov/documents/full_text/html/2013/02/28/2013-04355.html
FY12,818,"(c)(4), (c)(5)",Detection and avoidance of counterfeit electronic parts,Implemented,2013-002,84 FR 64680,11/22/19,Federal Acquisition Regulation; Federal Acquisition Circular 2020-02; Introduction,https://www.federalregister.gov/documents/full_text/html/2019/11/22/2019-24963.html
FY12,818,,Detection and avoidance of counterfeit electronic parts,Implemented,"2012-D055
2014-D005","79 FR 26091
81 FR 50635","05/06/14
08/02/16","Not Found
Defense Federal Acquisition Regulation Supplement: Detection and Avoidance of Counterfeit Electronic Parts-Further Implementation (DFARS Case 2014-D005)","
https://www.federalregister.gov/documents/full_text/html/2016/08/02/2016-17956.html"
FY12,817,,Compliance with Defense procurement requirements for purposes of internal controls of Non-Defense Agencies for procurements on behalf of the Department of Defense,Implemented,2012-010,78 FR 37684,06/21/13,Federal Acquisition Regulation; Interagency Acquisitions: Compliance by Nondefense Agencies With Defense Procurement Requirements,https://www.federalregister.gov/documents/full_text/html/2013/06/21/2013-14613.html
FY12,815,(b),Rights in technical data and validation of proprietary data restrictions,Implemented,"2019-D042
2022-D016",90 FR 5736,01/17/25,Defense Federal Acquisition Regulation Supplement: Update of Challenge Period for Validation of Asserted Restrictions on Technical Data and Computer Software (DFARS Case 2022-D016),https://www.federalregister.gov/documents/full_text/html/2025/01/17/2025-00722.html
FY12,815,,Rights in technical data and validation of proprietary data restrictions,Open,"2017-H013
2022-D016",90 FR 5736,01/17/25,Defense Federal Acquisition Regulation Supplement: Update of Challenge Period for Validation of Asserted Restrictions on Technical Data and Computer Software (DFARS Case 2022-D016),https://www.federalregister.gov/documents/full_text/html/2025/01/17/2025-00722.html
FY12,814,,Clarification of Department of Defense authority to purchase right-hand drive passenger sedan vehicles and adjustment,Implemented,2012-D016,77 FR 52252,08/29/12,Defense Federal Acquisition Regulation Supplement: Inflation Adjustment of Threshold for Acquisition of Right-Hand Drive Passenger Sedans (DFARS Case 2012-D016),https://www.federalregister.gov/documents/full_text/html/2012/08/29/2012-21062.html
FY12,813,,Ex tension o f Su nset Date for Protests Against the Award of DoD Task or Delivery Orders,Implemented,2012-007,78 FR 6187,01/29/13,Federal Acquisition Regulation; Extension of Sunset Date for Protests of Task and Delivery Orders,https://www.federalregister.gov/documents/full_text/html/2013/01/29/2013-01747.html
FY12,809,(b),Annual report on single-award task and delivery order contracts,Implemented,2012-D020,77 FR 19132,03/30/12,Defense Federal Acquisition Regulation Supplement: Repeal of Case-by-Case Reporting (DFARS Case 2012-D020),https://www.federalregister.gov/documents/full_text/html/2012/03/30/2012-7555.html
FY12,806,,Inclusion of data on contractor performance in past performance databases for source selection decisions,Implemented,2012-009,78 FR 46783,08/01/13,Federal Acquisition Regulation; Documenting Contractor Performance,https://www.federalregister.gov/documents/full_text/html/2013/08/01/2013-18461.html
FY12,803,,Extension of applicability of the senior executive benchmark compensation amount for purposes allowable cost limitation under defense contracts,Closed,"2012-D028
2012-017",79 FR 31195,05/30/14,Federal Acquisition Regulation; Expansion of Applicability of the Senior Executive Compensation Benchmark,https://www.federalregister.gov/documents/full_text/html/2014/05/30/2014-12408.html
FY12,802,,Revision to law relating to disclosures to litigation support contractors,Implemented,2012-D029,81 FR 28724,05/10/16,Defense Federal Acquisition Regulation Supplement: Disclosure to Litigation Support Contractors (DFARS Case 2012-D029),https://www.federalregister.gov/documents/full_text/html/2016/05/10/2016-10822.html
FY12,515,,"Authority to order Army Reserve, Navy Reserve, Marine Corps Reserve, and Air Force Reserve to active duty to provide assistance in response to a major disaster or emergency",Implemented,2013-003,78 FR 46781,08/01/13,Federal Acquisition Regulation; Definition of Contingency Operation,https://www.federalregister.gov/documents/full_text/html/2013/08/01/2013-18448.html
FY12,368,,Procurement of tents or other temporary structures,Implemented,2012-D015,78 FR 13544,02/28/13,Defense Federal Acquisition Regulation Supplement: Acquisition of Tents and Other Temporary Structures (DFARS Case 2012-D015),https://www.federalregister.gov/documents/full_text/html/2013/02/28/2013-04355.html
FY11,893,,Contractor business systems,Implemented,2009-D038,77 FR 11355,02/24/12,Defense Federal Acquisition Regulation Supplement; Business Systems-Definition and Administration (DFARS Case 2009-D038),https://www.federalregister.gov/documents/full_text/html/2012/02/24/2012-4045.html
FY11,866,,Pilot program on acquisition of military purpose nondevelopmental items,Implemented,2011-D034,77 FR 2653,01/19/12,Defense Federal Acquisition Regulation Supplement; Pilot Program for Acquisition of Military-Purpose Nondevelopmental Items (DFARS Case 2011-D034),https://www.federalregister.gov/documents/full_text/html/2012/01/19/2012-970.html
FY11,847,,Non-availability exception from Buy American requirements for procurement of hand or measuring tools,Implemented,2011-D025,76 FR 52131,08/19/11,Not Found,
FY11,846,,Procurement of photovoltaic devices,Implemented,2014-D006,79 FR 22041,04/21/14,Defense Federal Acquisition Regulation Supplement: Photovoltaic Devices (DFARS Case 2014-D006),https://www.federalregister.gov/documents/full_text/html/2014/04/21/2014-08859.html
FY11,846,,Procurement of photovoltaic devices,Implemented,2011-D046,77 FR 30368,05/22/12,Defense Federal Acquisition Regulation Supplement; Utilization of Domestic Photovoltaic Devices (DFARS Case 2011-D046),https://www.federalregister.gov/documents/full_text/html/2012/05/22/2012-11564.html
FY11,834,,Enhancements to authority of the Secretary of Defense to reduce or deny award fees to companies found to jeopardize the health or safety of Government personnel,Implemented,2011-D033,77 FR 11353,02/24/12,Not Found,
FY11,833,,Standards and certification for private security contractors,Implemented,2014-D008,80 FR 4997,01/29/15,Not Found,
FY11,832,,Extension of regulations on contractors performing private security functions to areas of other significant military,Implemented,2011-D023,77 FR 35883,06/15/12,Defense Federal Acquisition Regulation Supplement; Contractors Performing Private Security Functions (DFARS Case 2011-D023),https://www.federalregister.gov/documents/full_text/html/2012/06/15/2012-14304.html
FY11,831,,Oversight and accountability of contractors performing private security functions in areas of combat operations,Implemented,2011-D023,77 FR 35883,06/15/12,Defense Federal Acquisition Regulation Supplement; Contractors Performing Private Security Functions (DFARS Case 2011-D023),https://www.federalregister.gov/documents/full_text/html/2012/06/15/2012-14304.html
FY11,826,,Inclusion of option amounts in limitations on authority of the Department of Defense to carry out certain prototype projects,Implemented,2011-D024,76 FR 33170,06/08/11,Defense Federal Acquisition Regulation Supplement; Inclusion of Option Amounts in Limitations on Authority of the Department of Defense to Carry Out Certain Prototype Projects (DFARS Case 2011-D024),https://www.federalregister.gov/documents/full_text/html/2011/06/08/2011-14108.html
FY11,825,,Extension of Sunset Date for Protests Against the Award of DoD Task or Delivery Orders,Implemented,2011-015,78 FR 6187,01/29/13,Federal Acquisition Regulation; Extension of Sunset Date for Protests of Task and Delivery Orders,https://www.federalregister.gov/documents/full_text/html/2013/01/29/2013-01747.html
FY11,823,,Review of regulatory definition relating to production of specialty metals,Implemented,2012-D041,78 FR 18877,03/28/13,Defense Federal Acquisition Regulation Supplement: New Free Trade Agreement With Colombia (DFARS Case 2012-D032),https://www.federalregister.gov/documents/full_text/html/2013/03/28/2013-07108.html
FY11,821,(b),Provisions relating to fire-resistant (rayon) fiber for production of military uniforms,Implemented,2011-D021,76 FR 71831,11/18/11,Defense Federal Acquisition Regulation Supplement: Fire-Resistant Fiber for Production of Military Uniforms (DFARS Case 2011-D021),https://www.federalregister.gov/documents/full_text/html/2011/11/18/2011-29428.html
FY11,812,(b)(5),Management of manufacturing risk in major defense acquisition programs,Implemented,2011-D031,76 FR 71465,11/18/11,Defense Federal Acquisition Regulation Supplement: Management of Manufacturing Risk in Major Defense Acquisition Programs (DFARS Case 2011-D031),https://www.federalregister.gov/documents/full_text/html/2011/11/18/2011-29894.html
FY11,806,,Requiremen ts for in formation relating to supply chain risk,Implemented,2012-D050,80 FR 67244,10/30/15,Defense Federal Acquisition Regulation Supplement: Requirements Relating to Supply Chain Risk (DFARS Case 2012-D050),https://www.federalregister.gov/documents/full_text/html/2015/10/30/2015-27463.html
FY11,222,,Repeal of prohibition of certain contracts by Missile Defense Agency with foreign entities,Implemented,2011-D026,76 FR 14589,03/17/11,"Defense Federal Acquisition Regulation Supplement; Repeal of Restriction on Ballistic Missile Defense Research, Development, Test, and Evaluation (DFARS Case 2011-D026)",https://www.federalregister.gov/documents/full_text/html/2011/03/17/2011-6234.html
FY10,1038,,Prohibition on Interrogation of detainees by contractor personnel,Implemented,2010-D027,76 FR 44282,07/25/11,Defense Federal Acquisition Regulation Supplement; Prohibition on Interrogation of Detainees by Contractor Personnel (DFARS Case 2010-D027),https://www.federalregister.gov/documents/full_text/html/2011/07/25/2011-18381.html
FY10,823,,Award fee reduction or denial for health or safety issues,Implemented,2011-D033,77 FR 11354,02/24/12,Defense Federal Acquisition Regulation Supplement: Award Fee Reduction or Denial for Health or Safety Issues (DFARS Case 2011-D033),https://www.federalregister.gov/documents/full_text/html/2012/02/24/2012-4040.html
FY10,821,,Authority for Government support contractors to have access to technical data belonging to prime contractors,Implemented,2009-D031,78 FR 30233,05/22/13,Defense Federal Acquisition Regulation Supplement; Government Support Contractor Access to Technical Data (DFARS 2009-D031),https://www.federalregister.gov/documents/full_text/html/2013/05/22/2013-12055.html
FY10,820,,Publication of notification of bundling of contracts of the Department of Defense,Implemented,2009-D033,76 FR 9679,02/22/11,Defense Federal Acquisition Regulations Supplement; Publication of Notification of Bundling of Contracts of the Department of Defense (DFARS Case 2009-D033),https://www.federalregister.gov/documents/full_text/html/2011/02/22/2011-3756.html
FY10,819,,Contract authority for advanced component development or prototype units,Implemented,2009-D034,75 FR 71562,11/24/10,Defense Federal Acquisition Regulation Supplement; Contract Authority for Advanced Component Development or Prototype Units (DFARS Case 2009-D034),https://www.federalregister.gov/documents/full_text/html/2010/11/24/2010-29498.html
FY10,816,,Extend Use of Simplified Acquisition Procedures for Certain Commercial Items,Implemented,2009-035,75FR 13413,03/19/10,Not Found,
FY10,815,,Extend Use of Simplified Acquisition Procedures for Certain Commercial Items,Implemented,2009-036,76 FR 39236,07/05/11,Federal Acquisition Regulation; Uniform Suspension and Debarment Requirement,https://www.federalregister.gov/documents/full_text/html/2011/07/05/2011-16674.html
FY10,814,,Notification Requirements for Awards of Single-Source Task- or Delivery-Order Contracts,Implemented,2009-D036,76 FR 71465,11/18/11,Defense Federal Acquisition Regulation Supplement: Management of Manufacturing Risk in Major Defense Acquisition Programs (DFARS Case 2011-D031),https://www.federalregister.gov/documents/full_text/html/2011/11/18/2011-29894.html
FY10,812,,Revision of Defense Supplement relating to payment of costs prior to definitization,Implemented,2009-D035,75 FR 54526,09/08/10,Defense Federal Acquisition Regulation Supplement; Payment of Costs Prior to Definitization-Definition of Contract Action (DFARS Case 2009-D035),https://www.federalregister.gov/documents/full_text/html/2010/09/08/2010-22228.html
FY10,812,,Revision of Defense Supplement relating to payment of costs prior to definitization,Implemented,2008-D034,75 FR 48276,08/10/10,Defense Federal Acquisition Regulation Supplement; Management of Unpriced Change Orders,https://www.federalregister.gov/documents/full_text/html/2010/08/10/2010-19674.html
FY10,811,,Justification and Approval of Sold-Source 8(a) Contracts,Implemented,2009-038,75 FR 23369,04/18/12,Federal Acquisition Regulation; Justification and Approval of Sole-Source 8(a) Contracts,https://www.federalregister.gov/documents/full_text/html/2012/04/18/2012-9204.html
FY10,807,,"Policy and requirements to ensure the safety of facilities, infrastructure, and equipment for military operations",Implemented,2009-D029,76 FR 14590,03/17/11,"Defense Federal Acquisition Regulation Supplement; Safety of Facilities, Infrastructure, and Equipment for Military Operations (DFARS Case 2009-D029)",https://www.federalregister.gov/documents/full_text/html/2011/03/17/2011-6232.html
FY10,806,,Treatment of non-defense agency procurements under joint programs with intelligence community,Implemented,2009-D027,76 FR 9680,02/22/11,Defense Federal Acquisition Regulation Supplement; Limitations on Procurements With Non-Defense Agencies (DFARS Case 2009-D027),https://www.federalregister.gov/documents/full_text/html/2011/02/22/2011-3754.html
